Driver,CleanLapCount,MeanLapTime,MedianLapTime,BestLapTime,DeltaToFastestMedian
HAM,59,78.5164406779661,78.07,75.545,0.0
RAI,59,78.55230508474577,78.2,75.99,0.13000000000000966
BOT,59,78.46154237288135,78.355,75.721,0.2850000000000108
VET,49,78.75112244897959,78.377,77.29,0.30700000000000216
