Driver,CleanLapCount,MeanLapTime,MedianLapTime,BestLapTime,DeltaToFastestMedian
PIA,49,83.62528571428572,83.48,81.943,0.0
NOR,49,83.71706122448981,83.601,81.432,0.12099999999999511
LEC,51,84.03229411764706,83.718,83.226,0.23799999999999955
SAI,51,84.33625490196079,83.931,83.219,0.4509999999999934
