Driver,CleanLapCount,MeanLapTime,MedianLapTime,BestLapTime,DeltaToFastestMedian
LEC,51,84.03229411764706,83.718,83.226,0.23799999999999955
SAI,51,84.33625490196079,83.931,83.219,0.4509999999999934
