Driver,PitLap,PitLapTime,ReferenceLapTime,EstimatedPitLoss
LEC,15.0,90.192,84.916,5.275999999999996
SAI,19.0,90.388,85.341,5.047000000000011
