Driver,Stint,Compound,LapCountUsed,StartLap,EndLap,StartTyreLife,EndTyreLife,DegradationSecondsPerLap,EstimatedBaseLapTime,MeanLapTime,MedianLapTime
LEC,1.0,MEDIUM,14,1.0,14.0,1.0,14.0,-0.07851428571428422,85.69771428571427,85.10885714285713,84.828
LEC,2.0,HARD,37,17.0,53.0,2.0,38.0,-0.008320293978188903,83.79135182550971,83.62494594594595,83.624
SAI,1.0,MEDIUM,18,1.0,18.0,1.0,18.0,-0.05730753353972774,85.9232549019607,85.37883333333333,85.2085
SAI,2.0,HARD,33,21.0,53.0,2.0,34.0,0.003945521390374283,83.696556372549,83.76757575757576,83.722
