Driver,Stint,Compound,StartLap,EndLap,LapCount,StartTyreLife,EndTyreLife,MeanLapTime,MedianLapTime,BestLapTime,StintLength
LEC,1.0,MEDIUM,1.0,14.0,14,1.0,14.0,85.10885714285713,84.828,84.362,14.0
LEC,2.0,HARD,17.0,53.0,37,2.0,38.0,83.62494594594595,83.624,83.226,37.0
SAI,1.0,MEDIUM,1.0,18.0,18,1.0,18.0,85.37883333333333,85.2085,84.642,18.0
SAI,2.0,HARD,21.0,53.0,33,2.0,34.0,83.76757575757576,83.722,83.219,33.0
