Driver,CleanLapCount,MeanLapTime,MedianLapTime,BestLapTime,MedianDeltaToOther
NOR,49,83.71706122448981,83.601,81.432,-0.01999999999999602
VER,49,84.25151020408163,83.621,81.745,0.01999999999999602
